ID,Name,Macroarea,Latitude,Longitude,Glottocode,ISO639P3code,_col.None
ArifamaMiniafia,Arifama-Miniafia,,,,arif1239,,
Ankave,Ankave,,,,anka1246,,
Abau,Abau,,,,abau1245,,
Amarasi,Amarasi,,,,amar1273,,
AbenlenAyta,Abenlen Ayta,,,,aben1249,,
Ambulas-Maprik,Ambulas,,,,ambu1247,,
Ambulas-WoseraKamu,Ambulas,,,,ambu1247,,
Inabaknon,Inabaknon,,,,inab1237,,
AnemeWake,Aneme Wake,,,,anem1248,,
Achagua,Achagua,,,,acha1250,,
Gikyode,Gikyode,,,,giky1238,,
SaintLucianCreoleFrench,Saint Lucian Creole French,,,,sain1246,,
Achi-Cubulco,Achi,,,,achi1256,,
Achi-Rabinal,Achi,,,,achi1256,,
AchuarShiwiar,Achuar-Shiwiar,,,,achu1248,,
Adioukrou,Adioukrou,,,,adio1239,,
Adnyamathanha,Adnyamathanha,,,,adny1235,,
Adzera,Adzera,,,,adze1240,,
TunisianArabic,Tunisian Arabic,,,,tuni1259,,
EasternArrernte,Eastern Arrernte,,,,east2379,,
Akeu,Akeu,,,,akeu1235,,
Amele,Amele,,,,amel1241,,
Agarabi,Agarabi,,,,agar1252,,
Angor,Angor,,,,ango1254,,
Angaataha,Angaataha,,,,anga1290,,
Agutaynen,Agutaynen,,,,agut1237,,
Aguaruna,Aguaruna,,,,agua1253,,
CentralCagayanAgta,Central Cagayan Agta,,,,cent2084,,
Aguacateco,Aguacateco,,,,agua1252,,
Ahirani,Ahirani,,,,ahir1243,,
Arosi,Arosi,,,,aros1241,,
AssyrianNeoAramaic,Assyrian Neo-Aramaic,,,,assy1241,,
Akan-Asante,Akan,,,,akan1250,,
AkawaioIngariko,Akawaio-Ingariko,,,,akaw1239,,
AngalHeneng-Waola,Angal Heneng,,,,anga1292,,
Siwu,Siwu,,,,siwu1238,,
Alawa,Alawa,,,,alaw1244,,
Alune,Alune,,,,alun1238,,
Algonquin,Algonquin,,,,algo1255,,
NorthernToskAlbanian,Northern Tosk Albanian,,,,tosk1239,,
Alyawarr,Alyawarr,,,,alya1239,,
Yanesha,Yanesha',,,,yane1238,,
HamerBanna,Hamer-Banna,,,,hame1242,,
Amharic,Amharic,,,,amha1245,,
Ambai,Ambai,,,,amba1265,,
AmaPapuaNewGuinea,Ama (Papua New Guinea),,,,amap1240,,
Amanab-Amanab,Amanab,,,,aman1265,,
Amanab-Naineri,Amanab,,,,aman1265,,
Amo,Amo,,,,amoo1242,,
Alamblak,Alamblak,,,,alam1246,,
Amarakaeri,Amarakaeri,,,,amar1274,,
GuerreroAmuzgo,Guerrero Amuzgo,,,,guer1243,,
Anmatyerre,Anmatyerre,,,,anma1239,,
Nend,Nend,,,,nend1239,,
Denya,Denya,,,,deny1238,,
Anyin,Anyin,,,,anyi1245,,
Anindilyakwa,Anindilyakwa,,,,anin1240,,
Mufian-FilifitaorIlahita,Mufian,,,,mufi1238,,
Mufian-Mufian,Mufian,,,,mufi1238,,
Omie,Ömie,,,,omie1241,,
BumbitaArapesh-Central,Bumbita Arapesh,,,,bumb1241,,
Saa,Sa'a,,,,saaa1240,,
Bukiyip-MountainArapesh,Bukiyip,,,,buki1249,,
Bukiyip-Central,Bukiyip,,,,buki1249,,
Apinaye,Apinayé,,,,apin1244,,
Apma,Apma,,,,apma1240,,
AropLokep-Arop,Arop-Lokep,,,,arop1243,,
Apurina,Apurinã,,,,apur1254,,
WesternApache,Western Apache,,,,west2615,,
Apalai,Apalaí,,,,apal1257,,
Safeyoka,Safeyoka,,,,safe1240,,
StandardArabic-standard,Standard Arabic,,,,stan1318,,
StandardArabic,Standard Arabic,,,,stan1318,,
StandardArabic-Standard,Standard Arabic,,,,stan1318,,
WesternArrarnta,Western Arrarnta,,,,west2441,,
Arabela,Arabela,,,,arab1268,,
Mapudungun,Mapudungun,,,,mapu1245,,
Arapaho,Arapaho,,,,arap1274,,
AlgerianArabic,Algerian Arabic,,,,alge1239,,
Assamese-Standard,Assamese,,,,assa1263,,
Dano,Dano,,,,dano1240,,
PeleAta,Pele-Ata,,,,pele1245,,
Zaiwa,Zaiwa,,,,zaiw1241,,
AtaManobo,Ata Manobo,,,,atam1240,,
IvbieNorthOkpelaArhe,Ivbie North-Okpela-Arhe,,,,ivbi1241,,
PamplonaAtta,Pamplona Atta,,,,pamp1244,,
Waorani,Waorani,,,,waor1240,,
Anuki,Anuki,,,,anuk1239,,
Auye,Auye,,,,auye1238,,
Awiyaana,Awiyaana,,,,awiy1238,,
Au,Au,,,,auuu1241,,
Avokaya,Avokaya,,,,avok1242,,
AwaPapuaNewGuinea,Awa (Papua New Guinea),,,,awap1236,,
Awabakal,Awabakal,,,,awab1243,,
Awara,Awara,,,,awar1248,,
MaybratKaron,Maybrat-Karon,,,,maib1239,,
SouthAzerbaijani,South Azerbaijani,,,,sout2697,,
SanPedroAmuzgosAmuzgo,San Pedro Amuzgos Amuzgo,,,,sanp1260,,
HighlandPueblaNahuatl,Highland Puebla Nahuatl,,,,high1278,,
Waimaha,Waimaha,,,,waim1255,,
Baatonum,Baatonum,,,,baat1238,,
Barai,Barai,,,,nucl1630,,
Bau,Bau,,,,bauu1244,,
Girawa,Girawa,,,,gira1247,,
SouthernBalochi,Southern Balochi,,,,sout2642,,
Bariai,Bariai,,,,bari1286,,
Kaluli,Kaluli,,,,kalu1248,,
Bana,Bana,,,,bana1305,,
Bunama,Bunama,,,,buna1276,,
BakaSouthSudan,Baka (South Sudan),,,,baka1274,,
Burunge,Burunge,,,,buru1320,,
BodoParja,Bodo Parja,,,,bodo1266,,
Beaver,Beaver,,,,beav1236,,
Benabena,Benabena,,,,bena1264,,
Belarusian,Belarusian,,,,bela1254,,
Bengali,Bengali,,,,beng1280,,
Beami,Beami,,,,beam1240,,
Blagar-Pura,Blagar,,,,blag1240,,
JurModo,Jur Modo,,,,jurm1239,,
Bafut,Bafut,,,,bafu1246,,
MahasuPahari-Baghlayani,Mahasu Pahari,,,,maha1287,,
Haryanvi,Haryanvi,,,,hary1238,,
Bugun,Bugun,,,,bugu1246,,
Tagabawa,Tagabawa,,,,taga1272,,
Bughotu,Bughotu,,,,bugh1239,,
Bhadrawahi,Bhadrawahi,,,,bhad1241,,
Binandere,Binandere,,,,bina1277,,
Bimin,Bimin,,,,bimi1240,,
Bhattiyali,Bhattiyali,,,,bhat1263,,
Bissa,Bissa,,,,biss1248,,
Biangai,Biangai,,,,bian1252,,
Bimoba,Bimoba,,,,bimo1239,,
SouthernBirifor,Southern Birifor,,,,sout2790,,
Barok-Usen,Barok,,,,baro1253,,
Banjar,Banjar,,,,banj1239,,
Fanamaket,Fanamaket,,,,make1251,,
Binumarien,Binumarien,,,,binu1245,,
Nangnda,Nangnda,,,,bedj1245,,
Baruga-Tafota,Baruga,,,,baru1269,,
TalaandigBinukid,Talaandig-Binukid,,,,binu1244,,
Baki,Baki,,,,baki1244,,
Bakairi,Bakairí,,,,baka1277,,
Baikeno,Baikeno,,,,baik1238,,
Siksika,Siksika,,,,siks1238,,
Blang,Blang,,,,blan1242,,
TaiDam,Tai Dam,,,,taid1247,,
Balangao,Balangao,,,,bala1310,,
MagIndiAyta,Mag-Indi Ayta,,,,magi1241,,
Balantak,Balantak,,,,bala1315,,
Kein,Kein,,,,kein1239,,
Ghayavi,Ghayavi,,,,ghay1237,,
Bambalang,Bambalang,,,,bamb1265,,
Muinane,Muinane,,,,muin1242,,
BurumMindik,Burum-Mindik,,,,buru1306,,
Bantoanon,Bantoanon,,,,bant1288,,
Bola,Bola,,,,bola1250,,
Bora,Bora,,,,bora1263,,
Tibetan-Central,Tibetan,,,,tibe1272,,
Tibetan-ModernLiterary,Tibetan,,,,tibe1272,,
Anjam,Anjam,,,,anja1238,,
Bine,Bine,,,,bine1240,,
Bororo,Bororo,,,,boro1282,,
Tuwuli,Tuwuli,,,,tuwu1238,,
Buamu,Buamu,,,,buam1238,,
KoronadalBlaan,Koronadal Blaan,,,,koro1310,,
SaranganiBlaan,Sarangani Blaan,,,,sara1326,,
PalyaBareli,Palya Bareli,,,,paly1238,,
BokoBenin,Boko (Benin),,,,boko1266,,
Bandial,Bandial,,,,band1340,,
Busa,Busa,,,,busa1253,,
Brao,Brao,,,,lave1249,,
Breton,Breton,,,,bret1244,,
EasternBru,Eastern Bru,,,,east2332,,
BassariTanda,Bassari-Tanda,,,,bass1258,,
Bangwinji,Bangwinji,,,,bang1348,,
BarasanaEduria,Barasana-Eduria,,,,bara1380,,
BagaSitemu,Baga Sitemu,,,,baga1272,,
Akoose,Akoose,,,,akoo1248,,
Bugawac,Bugawac,,,,buga1250,,
Bokobaru,Bokobaru,,,,boko1267,,
Baeggu,Baeggu,,,,baeg1237,,
Burarra,Burarra,,,,bura1267,,
BoroEthiopia,Boro (Ethiopia),,,,boro1277,,
BuliGhana,Buli (Ghana),,,,buli1254,,
Buhutu,Buhutu,,,,buhu1237,,
Baruya-Wagamwa,Baruya,,,,baru1267,,
Baruya,Baruya,,,,baru1267,,
Qaqet,Qaqet,,,,qaqe1238,,
Bribri,Bribri,,,,brib1243,,
MaposBuang-CentralMapos,Mapos Buang,,,,mapo1242,,
Bisu,Bisu,,,,bisu1244,,
Chorti,Chortí,,,,chor1273,,
Garifuna,Garifuna,,,,gari1256,,
Chuj-Ixtatan,Chuj,,,,chuj1250,,
SouthernCarrier,Southern Carrier,,,,sout2958,,
Kaqchikel-Central,Kaqchikel,,,,kaqc1270,,
Kaqchikel-Eastern,Kaqchikel,,,,kaqc1270,,
Kaqchikel-SurdeSacatepequez,Kaqchikel,,,,kaqc1270,,
Kaqchikel-SantaMariadeJesus,Kaqchikel,,,,kaqc1270,,
Kaqchikel-Western,Kaqchikel,,,,kaqc1270,,
Kaqchikel-YepocapaSouthWestern,Kaqchikel,,,,kaqc1270,,
Kaqchikel-SouthCentral,Kaqchikel,,,,kaqc1270,,
Cemuhi,Cemuhî,,,,cemu1238,,
Chacobo,Chácobo,,,,chac1251,,
Chipaya,Chipaya,,,,chip1262,,
GalibiCarib,Galibi Carib,,,,gali1262,,
Cavinena,Cavineña,,,,cavi1250,,
LomerianoIgnacianoChiquitano,Lomeriano-Ignaciano Chiquitano,,,,chiq1248,,
Carapana,Carapana,,,,cara1272,,
Chapalaa,Cha'palaa,,,,chac1249,,
Chavacano,Chavacano,,,,chav1241,,
CashiboCacataibo,Cashibo-Cacataibo,,,,cash1251,,
Cashinahua,Cashinahua,,,,cash1254,,
Shawi,Shawi,,,,chay1248,,
CandoshiShapra,Candoshi-Shapra,,,,cand1248,,
Kakua,Kakua,,,,cacu1241,,
ComaltepecChinantec,Comaltepec Chinantec,,,,coma1246,,
Cebuano,Cebuano,,,,cebu1242,,
EasternKhumiChin-AsaangKhongca,Eastern Khumi Chin,,,,east2779,,
Czech,Czech,,,,czec1258,,
Kagayanen,Kagayanen,,,,kaga1256,,
Chamorro,Chamorro,,,,cham1312,,
HighlandOaxacaChontal,Highland Oaxaca Chontal,,,,high1242,,
TabascoChontal,Tabasco Chontal,,,,taba1266,,
Chuukese,Chuukese,,,,chuu1238,,
QuiotepecChinantec,Quiotepec Chinantec,,,,quio1240,,
OzumacinChinantec,Ozumacín Chinantec,,,,ozum1235,,
Chru,Chru,,,,chru1239,,
AsheninkaPajonal,Ashéninka Pajonal,,,,ashe1273,,
Chuave,Chuave,,,,chua1250,,
CentralKurdish,Central Kurdish,,,,cent1972,,
Anufo,Anufo,,,,anuf1239,,
LealaoChinantec,Lealao Chinantec,,,,leal1235,,
Caluyanun,Caluyanun,,,,calu1238,,
Cerma,Cerma,,,,cerm1238,,
MandarinChinese-Mandarinsimplifiedscript,Mandarin Chinese,,,,mand1415,,
MandarinChinese-Mandarintraditionalscript,Mandarin Chinese,,,,mand1415,,
MandarinChinese,Mandarin Chinese,,,,mand1415,,
CentralMnong,Central Mnong,,,,cent1992,,
Ashaninka,Asháninka,,,,asha1243,,
LalanaChinantec,Lalana Chinantec,,,,lala1270,,
TepetotutlaChinantec,Tepetotutla Chinantec,,,,tepe1279,,
Koreguaje,Koreguaje,,,,kore1283,,
Tsafiki,Tsafiki,,,,colo1256,,
SantaTeresaCora,Santa Teresa Cora,,,,sant1424,,
Cofan,Cofán,,,,cofa1242,,
Coptic-Bohairic,Coptic,,,,copt1239,,
Coptic,Coptic,,,,copt1239,,
Coptic-Sahidic,Coptic,,,,copt1239,,
Caquinte,Caquinte,,,,caqu1242,,
Wamey,Wamey,,,,wame1240,,
PalantlaChinantec,Palantla Chinantec,,,,pala1351,,
UcayaliYuruaAsheninka,Ucayali-Yurúa Ashéninka,,,,ucay1237,,
AjyininkaApurucayali,Ajyíninka Apurucayali,,,,ajyi1238,,
PichisAsheninka,Pichis Ashéninka,,,,pich1237,,
SouthUcayaliAsheninka,South Ucayali Ashéninka,,,,sout3127,,
SouthernEastCree,Southern East Cree,,,,sout2978,,
NorthernEastCree,Northern East Cree,,,,nort1552,,
ElNayarCora,El Nayar Cora,,,,elna1235,,
CentralCarrier,Central Carrier,,,,carr1249,,
SochiapamChinantec,Sochiapam Chinantec,,,,soch1239,,
SizangChin,Sizang Chin,,,,siyi1240,,
TataltepecChatino,Tataltepec Chatino,,,,tata1258,,
ThaipumChin,Thaipum Chin,,,,thai1262,,
WesternHighlandChatino,Western Highland Chatino,,,,west2644,,
Chol,Chol,,,,chol1282,,
Chol-Tila,Chol,,,,chol1282,,
Cubeo,Cubeo,,,,cube1242,,
UsilaChinantec,Usila Chinantec,,,,usil1237,,
Cuiba,Cuiba,,,,cuib1242,,
SanBlasKuna,San Blas Kuna,,,,sanb1242,,
Culina,Culina,,,,culi1244,,
TeutilaCuicatec,Teutila Cuicatec,,,,teut1235,,
TepeuxilaCuicatec,Tepeuxila Cuicatec,,,,tepe1280,,
Kwere,Kwere,,,,kwer1261,,
NopalaChatino,Nopala Chatino,,,,nopa1235,,
Dangaleat,Dangaleat,,,,dang1274,,
Marik,Marik,,,,mari1428,,
Dan-Eastern,Dan,,,,dann1241,,
Gwahatike,Gwahatike,,,,gwah1244,,
Danish,Danish,,,,dani1285,,
DaaiChin,Daai Chin,,,,daai1236,,
Dedua,Dedua,,,,dedu1240,,
Desano,Desano,,,,desa1247,,
German,German,,,,stan1295,,
CasiguranNagtipunanAgta,Casiguran-Nagtipunan Agta,,,,casi1235,,
Dogrib,Dogrib,,,,dogr1252,,
Daga,Daga,,,,daga1275,,
Dhangu,Dhangu,,,,dhan1270,,
Dhangu-DhuwaDhaumi,Dhangu,,,,dhan1270,,
Didinga,Didinga,,,,didi1258,,
Dieri,Dieri,,,,dier1241,,
Digo,Digo,,,,digo1243,,
SouthwesternDinka,Southwestern Dinka,,,,sout2832,,
Dhivehi,Dhivehi,,,,dhiv1236,,
Djinang,Djinang,,,,djin1253,,
Djeebbana,Djeebbana,,,,djee1236,,
Aukan,Aukan,,,,ndyu1242,,
Djambarrpuyngu,Djambarrpuyngu,,,,djam1256,,
NuclearDan-Western,Nuclear Dan,,,,nucl1770,,
Dobu,Dobu,,,,dobu1241,,
Lukpa,Lukpa,,,,lukp1238,,
TokaLeyaDombe,Toka-Leya-Dombe,,,,domb1246,,
Desiya,Desiya,,,,desi1235,,
HunSaare,Hun-Saare,,,,huns1239,,
UmirayDumagetAgta,Umiray Dumaget Agta,,,,umir1236,,
DupaninanAgta,Dupaninan Agta,,,,dupa1235,,
Dawro,Dawro,,,,dawr1236,,
NuclearDhuwal-Liyagawumirr,Nuclear Dhuwal,,,,nucl1333,,
Dawawa,Dawawa,,,,dawa1242,,
Dhuwaya,Dhuwaya,,,,dhuw1250,,
DjiminiSenoufo,Djimini Senoufo,,,,djim1235,,
Dyula,Dyula,,,,dyul1238,,
EasternBontok,Eastern Bontok,,,,east2881,,
Estonian,Estonian,,,,esto1258,,
Koti,Koti,,,,koti1238,,
MussauEmira,Mussau-Emira,,,,muss1246,,
NorthernEmbera,Northern Emberá,,,,nort2972,,
Apali,Apali,,,,apal1256,,
English-archaicBritish,English,,,,stan1293,,
English-ArchaicAmerican,English,,,,stan1293,,
English-American,English,,,,stan1293,,
English-British,English,,,,stan1293,,
English-simpleBritish,English,,,,stan1293,,
English-archaicAmerican,English,,,,stan1293,,
English-AustralianAboriginal,English,,,,stan1293,,
English,English,,,,stan1293,,
English-Middle,English,,,,stan1293,,
English-Old,English,,,,stan1293,,
English-Mixed,English,,,,stan1293,,
English-AmericanMessianic,English,,,,stan1293,,
English-BritishMessianic,English,,,,stan1293,,
English-Archaic,English,,,,stan1293,,
Enga-KainaCentral,Enga,,,,enga1252,,
Esperanto,Esperanto,,,,espe1235,,
Ogea,Ogea,,,,ogea1238,,
EseEjja,Ese Ejja,,,,esee1248,,
AheriGondi,Aheri Gondi,,,,aher1237,,
SewardAlaskaInupiatun,Seward Alaska Inupiatun,,,,nort2945,,
Edolo,Edolo,,,,edol1239,,
Ewe,Ewe,,,,ewee1241,,
Fasu,Fasu,,,,fasu1242,,
WagiPapuaNewGuinea,Wagi (Papua New Guinea),,,,wagi1249,,
Faiwol,Faiwol,,,,faiw1243,,
Fataleka,Fataleka,,,,fata1245,,
MaasinaFulfulde,Maasina Fulfulde,,,,maas1239,,
Fuliiru,Fuliiru,,,,fuli1240,,
Fore,Fore,,,,fore1270,,
French,French,,,,stan1290,,
Fordata,Fordata,,,,ford1242,,
BorguFulfulde,Borgu Fulfulde,,,,borg1235,,
Pular,Pular,,,,pula1262,,
WesternNigerFulfulde,Western Niger Fulfulde,,,,west2454,,
WesternNigerFulfulde-Burkina,Western Niger Fulfulde,,,,west2454,,
HausaStatesFulfulde,Hausa States Fulfulde,,,,nige1253,,
Alekano,Alekano,,,,alek1238,,
Borei,Borei,,,,bore1247,,
Kandawo,Kandawo,,,,kand1303,,
Gata,Gata',,,,gata1239,,
Nobonob,Nobonob,,,,nobo1238,,
WestCentralOromo,West Central Oromo,,,,west2721,,
Gude,Gude,,,,gude1246,,
Gadang,Ga'dang,,,,gada1258,,
Umanakaina,Umanakaina,,,,uman1240,,
Wipi,Wipi,,,,wipi1242,,
Kire,Kire,,,,kire1240,,
Patpatar,Patpatar,,,,patp1243,,
Patpatar-Hinsaal,Patpatar,,,,patp1243,,
Patpatar-Sokarek,Patpatar,,,,patp1243,,
GuhuSamane,Guhu-Samane,,,,guhu1244,,
Kitja,Kitja,,,,kitj1240,,
Gilaki,Gilaki,,,,gila1241,,
Gamo,Gamo,,,,gamo1243,,
Ngangam,Ngangam,,,,ngan1299,,
Gumatj,Gumatj,,,,guma1253,,
WesternBolivianGuarani,Western Bolivian Guaraní,,,,west2640,,
Gofa,Gofa,,,,gofa1235,,
Gor,Gor,,,,gorr1238,,
IonicAtticAncientGreek-Koine,Ionic-Attic Ancient Greek,,,,anci1242,,
IonicAtticAncientGreek-Ancient,Ionic-Attic Ancient Greek,,,,anci1242,,
IonicAtticAncientGreek,Ionic-Attic Ancient Greek,,,,anci1242,,
Ghari,Ghari,,,,ghar1239,,
Guajajara,Guajajára,,,,guaj1255,,
Wayuu,Wayuu,,,,wayu1243,,
Gurindji,Gurindji,,,,guri1247,,
Sikuani,Sikuani,,,,guah1255,,
EasternBolivianGuarani,Eastern Bolivian Guaraní,,,,east2555,,
Gujarati,Gujarati,,,,guja1252,,
SeaIslandCreoleEnglish,Sea Island Creole English,,,,gull1241,,
Guambiano,Guambiano,,,,guam1248,,
MbyaGuarani,Mbyá Guaraní,,,,mbya1239,,
Guayabero,Guayabero,,,,guay1257,,
BininjKunWok,Bininj Kun-Wok,,,,gunw1252,,
BininjKunWok-Mayali,Bininj Kun-Wok,,,,gunw1252,,
Gourmanchema-Central,Gourmanchéma,,,,gour1243,,
Gourmanchema-Gormantche,Gourmanchéma,,,,gour1243,,
Kotiria,Kotiria,,,,guan1269,,
Golin,Golin,,,,goli1247,,
KukuYalanji,Kuku-Yalanji,,,,kuku1273,,
Gurung,Gurung,,,,guru1261,,
Gumawana,Gumawana,,,,guma1254,,
Gwichin,Gwich'in,,,,gwic1235,,
Gwere,Gwere,,,,gwer1238,,
Ngabere,Ngäbere,,,,ngab1239,,
Guarayu,Guarayu,,,,guar1292,,
Haitian,Haitian,,,,hait1244,,
Hausa,Hausa,,,,haus1257,,
Hawaiian,Hawaiian,,,,hawa1245,,
AncientHebrew-BiblicalAncient,Ancient Hebrew,,,,anci1244,,
Huichol,Huichol,,,,huic1243,,
ModernHebrew,Modern Hebrew,,,,hebr1245,,
ModernHebrew-Modern,Modern Hebrew,,,,hebr1245,,
Helong,Helong,,,,helo1243,,
Hindi,Hindi,,,,hind1269,,
Hixkaryana,Hixkaryána,,,,hixk1239,,
Halia,Halia,,,,hali1244,,
NgaLa,Nga La,,,,ngal1291,,
NgaLa-Tuivang,Nga La,,,,ngal1291,,
HiriMotu,Hiri Motu,,,,hiri1237,,
CaribbeanHindustani,Caribbean Hindustani,,,,cari1275,,
Hopi,Hopi,,,,hopi1249,,
Hote,Hote,,,,hote1245,,
Holiya,Holiya,,,,holi1239,,
Hre,Hre,,,,hree1244,,
CroatianStandard,Croatian Standard,,,,croa1245,,
MinicaHuitoto,Minica Huitoto,,,,mini1256,,
Huambisa,Huambisa,,,,huam1247,,
Huli,Huli,,,,huli1244,,
Hungarian,Hungarian,,,,hung1274,,
Huastec,Huastec,,,,huas1242,,
MuruiHuitoto,Murui Huitoto,,,,muru1274,,
SanMateodelMarHuave,San Mateo del Mar Huave,,,,sanm1287,,
Hawu,Hawu,,,,sabu1255,,
HawaiiCreoleEnglish,Hawai'i Creole English,,,,hawa1247,,
Iatmul,Iatmul,,,,iatm1242,,
Ibaloi,Ibaloi,,,,ibal1244,,
Igbo,Igbo,,,,nucl1417,,
AmganadIfugao,Amganad Ifugao,,,,amga1235,,
BatadIfugao,Batad Ifugao,,,,bata1298,,
TuwaliIfugao,Tuwali Ifugao,,,,tuwa1243,,
MayoyaoIfugao,Mayoyao Ifugao,,,,mayo1262,,
KeleyiKallahan,Keley-i Kallahan,,,,kele1259,,
Ignaciano,Ignaciano,,,,igna1246,,
Ika,Ika,,,,ikaa1238,,
Ikwere,Ikwere,,,,ikwe1242,,
Iloko,Iloko,,,,ilok1237,,
Imbongu,Imbongu,,,,imbo1238,,
ColombianInga,Colombian Inga,,,,inga1252,,
StandardIndonesian,Standard Indonesian,,,,indo1316,,
InokeYate,Inoke-Yate,,,,inok1238,,
TumaIrumu,Tuma-Irumu,,,,tuma1250,,
Ipili,Ipili,,,,ipil1240,,
Ikwo,Ikwo,,,,ikwo1238,,
Isnag,Isnag,,,,isna1241,,
Icelandic,Icelandic,,,,icel1247,,
Isanzu,Isanzu,,,,isan1243,,
Italian,Italian,,,,ital1282,,
Ibatan,Ibatan,,,,ibat1238,,
Itbayat,Itbayat,,,,ivat1242,,
SepikIwam,Sepik Iwam,,,,sepi1255,,
Ixil-Cotzal,Ixil,,,,ixil1251,,
Ixil-Nebaj,Ixil,,,,ixil1251,,
Izi,Izi,,,,izii1239,,
Madi,Madi,,,,jama1261,,
Popti,Popti',,,,popt1235,,
Yabem,Yabem,,,,yabe1254,,
Yanyuwa,Yanyuwa,,,,yany1243,,
Jibu,Jibu,,,,jibu1239,,
Tol,Tol,,,,toll1241,,
Bu,Bu,,,,buuu1244,,
Shuar,Shuar,,,,shua1257,,
Janji,Janji,,,,janj1240,,
Japanese,Japanese,,,,nucl1643,,
Juray,Juray,,,,jura1242,,
CaribbeanJavanese,Caribbean Javanese,,,,cari1276,,
Kannada,Kannada,,,,nucl1305,,
Capanahua,Capanahua,,,,capa1241,,
Kadiweu,Kadiwéu,,,,kadi1248,,
Camsa,Camsá,,,,cams1241,,
Iwal,Iwal,,,,iwal1237,,
Keliko,Keliko,,,,keli1248,,
Kamano,Kamano,,,,kama1370,,
MangaKanuri,Manga Kanuri,,,,mang1399,,
KazymBerezoverSuryskarerKhanty,Kazym-Berezover-Suryskarer Khanty,,,,khan1273,,
Kutu,Kutu,,,,kutu1263,,
Makonde,Makonde,,,,mako1251,,
Tem,Tem,,,,temm1241,,
Tsikimba,Tsikimba,,,,tsik1238,,
Kekchi,Kekchí,,,,kekc1242,,
Kenyang,Kenyang,,,,keny1279,,
WestKewa,West Kewa,,,,west2599,,
Kupia,Kupia,,,,kupi1238,,
KondaDora,Konda-Dora,,,,kond1295,,
KharamNaga,Kharam Naga,,,,khar1288,,
KulungtfuYuanggengTobo,Kulungtfu-Yuanggeng-Tobo,,,,kube1244,,
Kaiwa,Kaiwá,,,,kaiw1246,,
Kaingang,Kaingang,,,,kain1272,,
Kasua,Kasua,,,,kasu1251,,
Keapara-Kalo,Keapara,,,,keap1239,,
Kilivila,Kilivila,,,,kili1267,,
Kikuyu,Kikuyu,,,,kiku1240,,
NortheastKiwai-Kope,Northeast Kiwai,,,,nort2930,,
Kisi,Kisi,,,,kisi1243,,
Kisar,Kisar,,,,kisa1266,,
WesternParbateKham,Western Parbate Kham,,,,west2420,,
Kunjen-Oykangand,Kunjen,,,,kunj1245,,
EastKewa,East Kewa,,,,east2516,,
Odoodee,Odoodee,,,,odoo1238,,
Kako,Kako,,,,kako1242,,
KosarekYale,Kosarek Yale,,,,kosa1249,,
GuuguYimidhirr,Guugu Yimidhirr,,,,gugu1255,,
YuwaalaraayGamilaraay,Yuwaalaraay-Gamilaraay,,,,gami1243,,
Nukna,Nukna,,,,nukn1238,,
Maskelynes,Maskelynes,,,,mask1242,,
Konni,Konni,,,,konn1242,,
Kate,Kâte,,,,kate1253,,
Kalam,Kalam,,,,kala1397,,
Kalam-central,Kalam,,,,kala1397,,
LimosKalinga,Limos Kalinga,,,,limo1248,,
Kwoma-KwomaorWashkuk,Kwoma,,,,kwom1262,,
Kamasau,Kamasau,,,,kama1367,,
Kanite,Kanite,,,,kani1286,,
LubuaganKalinga,Lubuagan Kalinga,,,,lubu1243,,
Kankanaey,Kankanaey,,,,kank1243,,
Mankanya,Mankanya,,,,mank1251,,
Akateko,Akateko,,,,west2635,,
Tabo-AramiaRiver,Tabo,,,,tabo1241,,
Cogui,Cogui,,,,cogu1240,,
Kosraean,Kosraean,,,,kosr1238,,
Komba,Komba,,,,komb1273,,
Kapingamarangi,Kapingamarangi,,,,kapi1249,,
Karaja,Karajá,,,,kara1500,,
KorafeYegha-Yegha,Korafe-Yegha,,,,kora1294,,
Kobon,Kobon,,,,kobo1249,,
MountainKoiali,Mountain Koiali,,,,moun1252,,
Mum,Mum,,,,mumm1238,,
DoromuKoki,Doromu-Koki,,,,doro1266,,
Kalagan-Eastern,Kalagan,,,,kala1388,,
Kalagan,Kalagan,,,,kala1388,,
Kakabai,Kakabai,,,,kaka1267,,
Kyenele,Kyenele,,,,kyen1243,,
Kimre,Kimre,,,,kimr1241,,
Kandas,Kandas,,,,kand1301,,
Kinaraya,Kinaray-a,,,,kina1250,,
Karon,Karon,,,,karo1294,,
Bangad,Bangad,,,,sout2908,,
Kuanua,Kuanua,,,,kuan1248,,
Uare,Uare,,,,uare1241,,
Kaba,Kaba,,,,kaba1281,,
Borong,Borong,,,,boro1279,,
PlapoKrumen,Plapo Krumen,,,,plap1239,,
Kurti,Kurti,,,,kurt1250,,
Kuot,Kuot,,,,kuot1243,,
Auhelawa,'Auhelawa,,,,auhe1237,,
Kuman,Kuman,,,,kuma1280,,
Kunimaipa,Kunimaipa,,,,kuni1267,,
Kusaal,Kusaal,,,,kusa1250,,
Kukatja,Kukatja,,,,kuka1246,,
KuniBoazi-Kuni,Kuni-Boazi,,,,kuni1265,,
BorderKuna,Border Kuna,,,,bord1248,,
Kwaio,Kwaio,,,,kwai1243,,
Kwaraae,Kwara'ae,,,,kwar1239,,
AwaCuaiquer,Awa-Cuaiquer,,,,awac1239,,
Kwanga,Kwanga,,,,kwan1278,,
ManumanawKaren,Manumanaw Karen,,,,manu1255,,
Kuvi,Kuvi,,,,kuvi1243,,
Konai,Konai,,,,kona1242,,
ButbutKalinga,Butbut Kalinga,,,,butb1235,,
Kyaka,Kyaka,,,,kyak1244,,
Kouya,Kouya,,,,kouy1238,,
Keyagana,Keyagana,,,,keya1238,,
Kenga,Kenga,,,,keng1240,,
WesternKayah,Western Kayah,,,,west2409,,
Kayabi,Kayabí,,,,kaya1329,,
Kosena,Kosena,,,,kose1239,,
Lacandon,Lacandon,,,,laca1243,,
Latin,Latin,,,,lati1261,,
Label,Label,,,,labe1239,,
LehLadakhi,Leh Ladakhi,,,,lada1244,,
CentralBontoc,Central Bontoc,,,,cent2292,,
Lodhi,Lodhi,,,,lodh1246,,
Tungag-Tungag,Tungag,,,,tung1290,,
WesternLawa,Western Lawa,,,,west2396,,
KaraPapuaNewGuinea,Kara (Papua New Guinea),,,,kara1486,,
Luang,Luang,,,,luan1263,,
Wala,Wala,,,,wala1266,,
LahuShi,Lahu Shi,,,,lahu1252,,
Nyindrou,Nyindrou,,,,nyin1250,,
Limbu,Limbu,,,,limb1266,,
Liko,Liko,,,,lika1243,,
KinshasaLingala,Kinshasa Lingala,,,,ling1263,,
Sekpele,Sekpele,,,,sekp1241,,
Lithuanian,Lithuanian,,,,lith1251,,
Lole,Lole,,,,lole1239,,
Lau,Lau,,,,lauu1247,,
Lumun,Lumun,,,,lumu1239,,
Logo,Logo,,,,logo1259,,
Lobala,Lobala,,,,loba1239,,
Laragia,Laragia,,,,lara1258,,
LaruNorthSudan,Laru (North Sudan),,,,laro1243,,
Aringa,Aringa,,,,arin1244,,
Ganda,Ganda,,,,gand1255,,
LuoKenyaandTanzania,Luo (Kenya and Tanzania),,,,luok1236,,
Luwo,Luwo,,,,luwo1239,,
Lewo,Lewo,,,,lewo1242,,
SanJeronimoTecoatlMazatec,San Jerónimo Tecóatl Mazatec,,,,sanj1286,,
Maithili,Maithili,,,,mait1250,,
JalapaDeDiazMazatec,Jalapa De Díaz Mazatec,,,,jala1237,,
Malayalam,Malayalam,,,,mala1464,,
Mam-Comitancillo,Mam,,,,mamm1241,,
Mam-TodosSantos,Mam,,,,mamm1241,,
ChiquihuitlanMazatec,Chiquihuitlán Mazatec,,,,chiq1250,,
Marathi,Marathi,,,,mara1378,,
HuautlaMazatec,Huautla Mazatec,,,,huau1238,,
SatereMawe,Sateré-Mawé,,,,sate1243,,
CentralMazahua,Central Mazahua,,,,cent2144,,
WesternBukidnonManobo,Western Bukidnon Manobo,,,,west2555,,
Macushi,Macushi,,,,macu1259,,
DibabawonManobo,Dibabawon Manobo,,,,diba1242,,
Mangseng,Mangseng,,,,mang1403,,
IlianenManobo,Ilianen Manobo,,,,ilia1236,,
Nadeb,Nadëb,,,,nade1244,,
Maxakali,Maxakalí,,,,maxa1247,,
SaranganiManobo,Sarangani Manobo,,,,sara1327,,
MatigsalugManobo,Matigsalug Manobo,,,,mati1250,,
Maca,Maca,,,,maca1260,,
Machiguenga,Machiguenga,,,,mach1267,,
Sharanahua,Sharanahua,,,,shar1245,,
Matses,Matsés,,,,mats1244,,
CoatlanMixe,Coatlán Mixe,,,,coat1238,,
Makaa,Makaa,,,,maka1304,,
Ese,Ese,,,,esee1247,,
Menya,Menya,,,,meny1245,,
DongaMambila,Donga Mambila,,,,came1252,,
Mayogo,Mayogo,,,,mayo1261,,
MaleEthiopia,Male (Ethiopia),,,,male1284,,
Melpa,Melpa,,,,melp1238,,
Mengen,Mengen,,,,meng1267,,
Mekeo,Mekeo,,,,meke1243,,
Merey,Merey,,,,mere1246,,
Mato,Mato,,,,mato1252,,
Motu,Motu,,,,motu1246,,
Matal,Matal,,,,mata1306,,
Wandala,Wandala,,,,wand1278,,
Mayo,Mayo,,,,mayo1264,,
Morokodo,Morokodo,,,,moro1284,,
Mango,Mango,,,,mang1398,,
MakhuwaMeetto,Makhuwa-Meetto,,,,makh1261,,
Malila,Malila,,,,mali1279,,
Matumbi,Matumbi,,,,matu1259,,
Mauwake,Mauwake,,,,mauw1238,,
AtatlahucaMixtec,Atatláhuca Mixtec,,,,atat1238,,
Mikmaq,Mi'kmaq,,,,mikm1235,,
OcotepecMixtec,Ocotepec Mixtec,,,,ocot1243,,
MofuGudur,Mofu-Gudur,,,,mofu1248,,
SanMiguelElGrandeMixtec,San Miguel El Grande Mixtec,,,,sanm1295,,
ChayucoMixtec,Chayuco Mixtec,,,,chay1249,,
PenolesMixtec,Peñoles Mixtec,,,,peno1244,,
AlacatlatzalaMixtec,Alacatlatzala Mixtec,,,,alac1244,,
PinotepaNacionalMixtec,Pinotepa Nacional Mixtec,,,,pino1237,,
IsthmusMixe,Isthmus Mixe,,,,isth1238,,
SouthernPueblaMixtec,Southern Puebla Mixtec,,,,sout3001,,
AyutlaMixtec,Ayutla Mixtec,,,,ayut1236,,
CoatzospanMixtec,Coatzospan Mixtec,,,,coat1241,,
SanJuanColoradoMixtec,San Juan Colorado Mixtec,,,,sanj1281,,
Mokilese,Mokilese,,,,moki1238,,
Mokole,Mokole,,,,moko1243,,
KupangMalay,Kupang Malay,,,,kupa1239,,
SilacayoapanMixtec,Silacayoapan Mixtec,,,,sila1250,,
Manambu,Manambu,,,,mana1298,,
Mape,Mape,,,,mape1249,,
Bargam,Bargam,,,,barg1252,,
Mamanwa,Mamanwa,,,,mama1275,,
ManggaBuang,Mangga Buang,,,,mang1404,,
Madak,Madak,,,,mada1285,,
Mbula,Mbula,,,,mbul1263,,
Manipuri,Manipuri,,,,mani1292,,
RennellBellona,Rennell-Bellona,,,,renn1242,,
Mwan,Mwan,,,,mwan1250,,
MopanMaya,Mopán Maya,,,,mopa1243,,
Molima,Molima,,,,moli1248,,
Mukulu,Mukulu,,,,muku1242,,
Mawng,Mawng,,,,maun1240,,
MartuWangka,Martu Wangka,,,,mart1256,,
YosonduaMixtec,Yosondúa Mixtec,,,,yoso1239,,
Migabac,Migabac,,,,miga1241,,
Dadibi,Dadibi,,,,dadi1250,,
Mian,Mian,,,,mian1256,,
MisimaPaneati,Misima-Paneati,,,,misi1243,,
Mbuko,Mbuko,,,,mbuk1243,,
Mamasa,Mamasa,,,,mama1276,,
MariaIndia,Maria (India),,,,mari1414,,
Masbatenyo,Masbatenyo,,,,masb1238,,
SankaranManinka,Sankaran Maninka,,,,sank1253,,
Mansaka,Mansaka,,,,mans1262,,
AgusanManobo,Agusan Manobo,,,,agus1235,,
Aruamu,Aruamu,,,,arua1260,,
CotabatoManobo,Cotabato Manobo,,,,cota1241,,
MaiwaPapuaNewGuinea,Maiwa (Papua New Guinea),,,,maiw1251,,
TotontepecMixe,Totontepec Mixe,,,,toto1305,,
Mundu,Mündü,,,,mund1326,,
Murle,Murle,,,,murl1244,,
BoUng-MaraGomu,Bo-Ung,,,,boun1245,,
Muyang,Muyang,,,,muya1243,,
Manam,Manam,,,,mana1295,,
Minaveha,Minaveha,,,,mina1269,,
Are,Are,,,,aree1239,,
MweraChimwera,Mwera (Chimwera),,,,mwer1248,,
MurrinyPatha,Murriny Patha,,,,murr1258,,
KalaLagawYa,Kala Lagaw Ya,,,,kala1377,,
TezoatlanMixtec,Tezoatlán Mixtec,,,,tezo1238,,
TlahuitoltepecMixe,Tlahuitoltepec Mixe,,,,tlah1239,,
JuquilaMixe,Juquila Mixe,,,,juqu1238,,
JamiltepecMixtec,Jamiltepec Mixtec,,,,jami1235,,
MetlatonocMixtec,Metlatónoc Mixtec,,,,metl1238,,
Burmese,Burmese,,,,nucl1310,,
MamaraSenoufo,Mamara Senoufo,,,,mama1271,,
Munduruku,Mundurukú,,,,mund1330,,
Muyuw,Muyuw,,,,muyu1244,,
Macuna,Macuna,,,,macu1260,,
SantaMariaZacatepecMixtec,Santa María Zacatepec Mixtec,,,,sant1436,,
Maiadomu,Maiadomu,,,,maia1251,,
SouthernNambikuara,Southern Nambikuára,,,,sout2994,,
Nabak,Nabak,,,,naba1256,,
NagaPidgin,Naga Pidgin,,,,naga1394,,
Nakanai,Nakanai,,,,naka1262,,
Nalik,Nalik,,,,nali1244,,
Naasioi-Kongara,Naasioi,,,,naas1242,,
Nawuri,Nawuri,,,,nawu1242,,
Narrinyeri,Narrinyeri,,,,narr1259,,
Nggem,Nggem,,,,ngge1241,,
Iyo,Iyo,,,,iyoo1238,,
Yale,Yale,,,,yale1246,,
CentralHuastecaNahuatl,Central Huasteca Nahuatl,,,,cent2134,,
NorthernPueblaNahuatl,Northern Puebla Nahuatl,,,,nort2957,,
MichoacanNahuatl,Michoacán Nahuatl,,,,mich1245,,
NorthernKatang,Northern Katang,,,,nort3270,,
Chumburung,Chumburung,,,,chum1261,,
ZimbabweanNdebele,Zimbabwean Ndebele,,,,nort2795,,
Ndengereko,Ndengereko,,,,nden1248,,
Ndali,Ndali,,,,ndal1241,,
Ndamba,Ndamba,,,,ndam1239,,
Ndut,Ndut,,,,ndut1239,,
Ndogo,Ndogo,,,,ndog1248,,
KathmanduValleyNewari,Kathmandu Valley Newari,,,,newa1246,,
Dhao,Dhao,,,,dhao1237,,
Ngulu,Ngulu,,,,ngul1246,,
CentralGuerreroNahuatl,Central Guerrero Nahuatl,,,,guer1241,,
EasternHuastecaNahuatl-HuastecaOriental,Eastern Huasteca Nahuatl,,,,east2538,,
TetelcingoNahuatl,Tetelcingo Nahuatl,,,,tete1251,,
ZacatlanAhuacatlanTepetzintlaNahuatl,Zacatlán-Ahuacatlán-Tepetzintla Nahuatl,,,,zaca1241,,
Takuu,Takuu,,,,taku1257,,
Naro,Naro,,,,naro1249,,
Noone,Noone,,,,noon1243,,
WesternHuastecaNahuatl,Western Huasteca Nahuatl,,,,west2624,,
IsthmusMecayapanNahuatl,Isthmus-Mecayapan Nahuatl,,,,isth1242,,
NorthernOaxacaNahuatl,Northern Oaxaca Nahuatl,,,,nort2958,,
Nek,Nek,,,,nekk1240,,
Nii-CentralWahgi,Nii,,,,niii1240,,
Ninzo,Ninzo,,,,ninz1246,,
Ngiti,Ngiti,,,,ngit1239,,
Nkonya,Nkonya,,,,nkon1248,,
Dutch,Dutch,,,,dutc1256,,
Gela,Gela,,,,gela1263,,
NahaliBaglani,Nahali-Baglani,,,,naha1261,,
Nimoa-Rifao,Nimoa,,,,nimo1246,,
Nyangumarta,Nyangumarta,,,,nyan1301,,
Ngindo,Ngindo,,,,ngin1244,,
SouthernNuni,Southern Nuni,,,,sout2795,,
WounMeu-alternatespelling,Woun Meu,,,,woun1238,,
WounMeu-standardspelling,Woun Meu,,,,woun1238,,
NorwegianBokmal,Norwegian Bokmål,,,,norw1259,,
NorthernThai,Northern Thai,,,,nort2740,,
Numanggang,Numanggang,,,,numa1254,,
Nomatsiguenga,Nomatsiguenga,,,,noma1263,,
EwageNotu,Ewage-Notu,,,,ewag1241,,
Nepali,Nepali,,,,nepa1254,,
SoutheasternPueblaNahuatl,Southeastern Puebla Nahuatl,,,,sout2973,,
Nehan,Nehan,,,,neha1247,,
Nali,Nali,,,,nali1245,,
SierraNegraNahuatl,Sierra Negra Nahuatl,,,,sier1248,,
Ngaanyatjarra,Ngaanyatjarra,,,,ngaa1240,,
NorthernTepehuan,Northern Tepehuan,,,,nort2959,,
Delo,Delo,,,,delo1240,,
Natugu,Natügu,,,,natu1246,,
Nyole,Nyole,,,,nyol1238,,
Nukumanu,Nukumanu,,,,nuku1258,,
Wubuy,Wubuy,,,,nung1290,,
Namiae,Namiae,,,,nami1258,,
Nyabwa,Nyabwa,,,,nyab1255,,
SouthwestTanna,Southwest Tanna,,,,sout2869,,
SouthNuaulu,South Nuaulu,,,,sout2895,,
Nyanja,Nyanja,,,,nyan1308,,
Giryama,Giryama,,,,giry1241,,
Nyunga,Nyunga,,,,nyun1247,,
Nyungwe,Nyungwe,,,,nyun1248,,
NyakyusaNgonde,Nyakyusa-Ngonde,,,,nyak1260,,
OboManobo,Obo Manobo,,,,obom1235,,
Orokaiva-Etija,Orokaiva,,,,orok1269,,
Orokaiva-Ehija,Orokaiva,,,,orok1269,,
EastAmbae,East Ambae,,,,east2443,,
SouthTairora-Aatasara,South Tairora,,,,sout2943,,
SouthTairora-VeqauraMeauna,South Tairora,,,,sout2943,,
SouthTairora-OmwunraToqura,South Tairora,,,,sout2943,,
Olo,Olo,,,,oloo1241,,
Ono,Ono,,,,onoo1246,,
TohonoOodham,Tohono O'odham,,,,toho1245,,
Oksapmin,Oksapmin,,,,oksa1245,,
Odia,Odia,,,,oriy1255,,
MezquitalOtomi,Mezquital Otomi,,,,mezq1235,,
EasternHighlandOtomi,Eastern Highland Otomi,,,,east2556,,
TenangoOtomi,Tenango Otomi,,,,tena1241,,
QueretaroOtomi,Querétaro Otomi,,,,quer1236,,
EstadodeMexicoOtomi,Estado de México Otomi,,,,esta1236,,
Parecis,Parecís,,,,pare1272,,
Pacoh,Pacoh,,,,paco1243,,
Paumari,Paumari,,,,paum1247,,
TenharimParintintinDiahoi,Tenharim-Parintintin-Diahoi,,,,tenh1241,,
EasternPanjabi,Eastern Panjabi,,,,panj1256,,
NorthernPaiute,Northern Paiute,,,,nort2954,,
Paez,Páez,,,,paez1247,,
NigerianPidgin,Nigerian Pidgin,,,,nige1257,,
PennsylvaniaGerman,Pennsylvania German,,,,penn1240,,
Pengo,Pengo,,,,peng1244,,
WesternFarsi,Western Farsi,,,,west2369,,
Yine,Yine,,,,yine1238,,
Piapoco,Piapoco,,,,piap1246,,
Waikhana,Wa'ikhana,,,,pira1254,,
PintupiLuritja-Luritja,Pintupi-Luritja,,,,pint1250,,
Pitjantjatjara,Pitjantjatjara,,,,pitj1243,,
SanMarcosTlalcoyalcoPopoloca,San Marcos Tlalcoyalco Popoloca,,,,sanm1301,,
Palikur,Palikúr,,,,pali1279,,
BrookesPointPalawano,Brooke's Point Palawano,,,,broo1239,,
Paama,Paama,,,,paam1238,,
PapuanMalay,Papuan Malay,,,,papu1250,,
SanJuanAtzingoPopoloca,San Juan Atzingo Popoloca,,,,sanj1285,,
Poqomchi-Occidental,Poqomchi',,,,poqo1254,,
HighlandPopoluca,Highland Popoluca,,,,high1276,,
Polish,Polish,,,,poli1260,,
Pohnpeian,Pohnpeian,,,,pohn1238,,
Portuguese-Brazillian,Portuguese,,,,port1283,,
Portuguese-Brasil,Portuguese,,,,port1283,,
Pogolo,Pogolo,,,,pogo1243,,
Folopa,Folopa,,,,folo1238,,
SanLuisTemalacayucaPopoloca,San Luís Temalacayuca Popoloca,,,,sanl1248,,
Paranan,Paranan,,,,para1306,,
Paici,Paicî,,,,paic1239,,
AsheninkaPerene,Ashéninka Perené,,,,ashe1272,,
Patep,Patep,,,,pate1247,,
Bambam,Bambam,,,,bamb1270,,
Gapapaiwa,Gapapaiwa,,,,gapa1238,,
HuallagaHuanucoQuechua,Huallaga Huánuco Quechua,,,,hual1241,,
Kiche-Cantel,K'iche',,,,kich1262,,
Kiche-Totonicapan,K'iche',,,,kich1262,,
LambayequeQuechua,Lambayeque Quechua,,,,lamb1276,,
SouthBolivianQuechua,South Bolivian Quechua,,,,sout2991,,
NorthBolivianQuechua,North Bolivian Quechua,,,,nort2976,,
SouthernPastazaQuechua,Southern Pastaza Quechua,,,,sout2990,,
AmboPascoQuechua,Ambo-Pasco Quechua,,,,ambo1252,,
CajamarcaQuechua,Cajamarca Quechua,,,,caja1238,,
EasternApurimacQuechua,Eastern Apurímac Quechua,,,,east2551,,
HuamaliesDosdeMayoHuanucoQuechua,Huamalíes-Dos de Mayo Huánuco Quechua,,,,huam1248,,
MargosYarowilcaLauricochaQuechua,Margos-Yarowilca-Lauricocha Quechua,,,,marg1254,,
NorthJuninQuechua,North Junín Quechua,,,,nort2980,,
NapoLowlandQuechua,Napo Lowland Quechua,,,,napo1242,,
SanMartinQuechua,San Martín Quechua,,,,sanm1289,,
HuayllaWancaQuechua,Huaylla Wanca Quechua,,,,huay1241,,
NorthernPastazaQuichua,Northern Pastaza Quichua,,,,nort2973,,
HuaylasAncashQuechua,Huaylas Ancash Quechua,,,,huay1240,,
PanaoHuanucoQuechua,Panao Huánuco Quechua,,,,pana1306,,
TungurahuaHighlandQuichua,Tungurahua Highland Quichua,,,,sala1272,,
NorthernConchucosAncashQuechua,Northern Conchucos Ancash Quechua,,,,nort2979,,
SouthernConchucosAncashQuechua,Southern Conchucos Ancash Quechua,,,,sout2992,,
Ramoaaina,Ramoaaina,,,,ramo1244,,
CanelaKraho,Canela-Krahô,,,,cane1242,,
KaraTanzania,Kara (Tanzania),,,,kara1481,,
Ringgou,Ringgou,,,,ring1244,,
Rikbaktsa,Rikbaktsa,,,,rikb1245,,
Rembarrnga,Rembarrnga,,,,remb1249,,
CentralRomani,Central Romani,,,,carp1235,,
BalkanRomani-Crimean,Balkan Romani,,,,balk1252,,
VlaxRomani-Arli,Vlax Romani,,,,vlax1238,,
VlaxRomani-Chergash,Vlax Romani,,,,vlax1238,,
VlaxRomani-Gurbet,Vlax Romani,,,,vlax1238,,
VlaxRomani-Lovari,Vlax Romani,,,,vlax1238,,
VlaxRomani-Servi,Vlax Romani,,,,vlax1238,,
VlaxRomani-Vlakh,Vlax Romani,,,,vlax1238,,
Romblomanon,Romblomanon,,,,romb1245,,
Romanian-Cyrillicscript,Romanian,,,,roma1327,,
Romanian-Bayash,Romanian,,,,roma1327,,
Romanian,Romanian,,,,roma1327,,
Romanian-Ludari,Romanian,,,,roma1327,,
Rotokas,Rotokas,,,,roto1249,,
Kriol,Kriol,,,,krio1252,,
DelaOenale,Dela-Oenale,,,,dela1251,,
Waima,Waima,,,,waim1251,,
Gungu,Gungu,,,,gung1250,,
Luguru,Luguru,,,,lugu1238,,
Roviana,Roviana,,,,rovi1238,,
Russian,Russian,,,,russ1263,,
Rawa-Karo,Rawa,,,,rawa1267,,
Rawa-Rawa,Rawa,,,,rawa1267,,
Buglere,Buglere,,,,bugl1243,,
Sanskrit,Sanskrit,,,,sans1269,,
SaafiSaafi,Saafi-Saafi,,,,saaf1238,,
Saliba,Saliba,,,,sali1295,,
Safwa,Safwa,,,,safw1238,,
BotolanSambal,Botolan Sambal,,,,boto1242,,
Subiya,Subiya,,,,subi1246,,
Soli,Soli,,,,soli1239,,
SakachepChorei,Sakachep-Chorei,,,,saka1283,,
Sena,Sena,,,,nucl1396,,
KoyraboroSenniSonghai,Koyraboro Senni Songhai,,,,koyr1242,,
Sentani,Sentani,,,,nucl1632,,
Secoya,Secoya,,,,seco1241,,
MagAnchiAyta,Mag-Anchi Ayta,,,,maga1263,,
Sursurunga,Sursurunga,,,,surs1246,,
Shatt,Shatt,,,,shat1244,,
ShipiboConibo,Shipibo-Conibo,,,,ship1254,,
Paasaal,Paasaal,,,,paas1238,,
TumulungSisaala,Tumulung Sisaala,,,,tumu1242,,
MendePapuaNewGuinea,Mende (Papua New Guinea),,,,mend1268,,
Epena,Epena,,,,epen1239,,
SaltYui,Salt-Yui,,,,salt1242,,
PangutaranSama,Pangutaran Sama,,,,pang1291,,
Selaru,Selaru,,,,sela1259,,
Bolinao,Bolinao,,,,boli1256,,
CentralSama,Central Sama,,,,cent2092,,
Shona,Shona,,,,shon1251,,
Sinaugoro,Sinaugoro,,,,sina1266,,
Noon,Noon,,,,noon1242,,
SionaTetete,Siona-Tetete,,,,sion1247,,
Siane-Lambau,Siane,,,,sian1257,,
Siane-Komongu,Siane,,,,sian1257,,
Selee,Selee,,,,sele1249,,
Sam,Sam,,,,samm1244,,
SaniyoHiyewe,Saniyo-Hiyewe,,,,sani1270,,
Somali,Somali,,,,soma1255,,
Kanasi,Kanasi,,,,kana1288,,
Somrai,Somrai,,,,somr1248,,
Miyobe,Miyobe,,,,miyo1238,,
Spanish-Castellano1909,Spanish,,,,stan1288,,
Spanish-LatinAmericaMexico,Spanish,,,,stan1288,,
Spanish-Espana,Spanish,,,,stan1288,,
Spanish-SouthAmerica,Spanish,,,,stan1288,,
Spanish,Spanish,,,,stan1288,,
Spanish-Castellano,Spanish,,,,stan1288,,
Selepet,Selepet,,,,sele1250,,
Sepen,Sepen,,,,sepe1240,,
SupyireSenoufo,Supyire Senoufo,,,,supy1237,,
Saposa,Saposa,,,,sapo1253,,
Sabaot,Sabaot,,,,saba1262,,
Siriano,Siriano,,,,siri1274,,
Saramaccan,Saramaccan,,,,sara1340,,
SrananTongo,Sranan Tongo,,,,sran1240,,
SerbianStandard,Serbian Standard,,,,serb1264,,
Siriono,Sirionó,,,,siri1273,,
Siroi,Siroi,,,,siro1249,,
Seimat,Seimat,,,,seim1238,,
Samberigi,Samberigi,,,,samb1321,,
NorthernSubanen,Northern Subanen,,,,nort2885,,
SoutheasternTepehuan,Southeastern Tepehuan,,,,sout2976,,
Sulka,Sulka,,,,sulk1246,,
WesternSubanon,Western Subanon,,,,west2557,,
Suena,Suena,,,,suen1241,,
Susu,Susu,,,,susu1250,,
Sunwar,Sunwar,,,,sunw1242,,
Swedish,Swedish,,,,swed1254,,
Swahili-Kimvita,Swahili,,,,swah1253,,
Swahili,Swahili,,,,swah1253,,
Suau,Suau,,,,suau1242,,
Suba,Suba,,,,suba1238,,
CentralSubanen,Central Subanen,,,,cent2089,,
Sylheti,Sylheti,,,,sylh1242,,
WesternTarahumara,Western Tarahumara,,,,lowl1265,,
EasternTamang,Eastern Tamang,,,,east2347,,
Tamil,Tamil,,,,tami1289,,
Tamasheq,Tamasheq,,,,tama1365,,
Tatuyo,Tatuyo,,,,tatu1247,,
Tai,Tai,,,,taii1241,,
Takia,Takia,,,,taki1248,,
Mandara,Mandara,,,,mand1440,,
NorthTairora-Arau,North Tairora,,,,nort2920,,
NorthTairora-NorthTairora,North Tairora,,,,nort2920,,
CalamianTagbanwa,Calamian Tagbanwa,,,,cala1258,,
Tboli,Tboli,,,,tbol1240,,
Tawala,Tawala,,,,tawa1275,,
Ditammari,Ditammari,,,,dita1238,,
Ticuna,Ticuna,,,,ticu1245,,
TorresStraitLockhartRiverCreole,Torres Strait-Lockhart River Creole,,,,torr1261,,
ThadoChin-Chongthu,Thado Chin,,,,thad1238,,
TetunDili,Tetun Dili,,,,tetu1246,,
TandroyMalagasy,Tandroy Malagasy,,,,tand1256,,
TepoKrumen,Tepo Krumen,,,,tepo1239,,
HuehuetlaTepehua,Huehuetla Tepehua,,,,hueh1236,,
Telugu,Telugu,,,,telu1262,,
TerenaKinikinaoChane,Terena-Kinikinao-Chane,,,,tere1279,,
Tetum,Tetum,,,,tetu1245,,
RioGrandeTewa,Rio Grande Tewa,,,,tewa1260,,
Teribe,Teribe,,,,teri1250,,
Tagin,Tagin,,,,tagi1241,,
Tajik,Tajik,,,,taji1245,,
Tagalog,Tagalog,,,,taga1270,,
Sudest-Tagula,Sudest,,,,sude1239,,
Movono,Movono,,,,tang1347,,
Thai,Thai,,,,thai1261,,
Thayore,Thayore,,,,thay1249,,
TahaggartTamahaq,Tahaggart Tamahaq,,,,taha1241,,
Tifal,Tifal,,,,tifa1245,,
Timbe,Timbe,,,,timb1251,,
Tiwi,Tiwi,,,,tiwi1244,,
Tiruray,Tiruray,,,,tiru1241,,
Takwane,Takwane,,,,takw1238,,
Tsakhur,Tsakhur,,,,tsak1249,,
UpperNecaxaTotonac,Upper Necaxa Totonac,,,,uppe1275,,
Telefol,Telefol,,,,tele1256,,
TalingaBwisi,Talinga-Bwisi,,,,tali1258,,
Haruai,Haruai,,,,haru1245,,
Tacana,Tacana,,,,taca1256,,
TanimucaRetuara,Tanimuca-Retuarã,,,,tani1257,,
Kwamera,Kwamera,,,,kwam1252,,
NorthTanna,North Tanna,,,,nort2847,,
Whitesands,Whitesands,,,,whit1269,,
CoyutlaTotonac,Coyutla Totonac,,,,coyu1235,,
Toma,Toma,,,,toma1245,,
Gizrra,Gizrra,,,,gizr1240,,
Tojolabal,Tojolabal,,,,tojo1241,,
TongaTongaIslands,Tonga (Tonga Islands),,,,tong1325,,
XicotepecDeJuarezTotonac,Xicotepec De Juárez Totonac,,,,xico1235,,
PapantlaTotonac,Papantla Totonac,,,,papa1238,,
HighlandTotonac,Highland Totonac,,,,high1243,,
Taupota-Taupota,Taupota,,,,taup1242,,
TokPisin,Tok Pisin,,,,tokp1240,,
PisafloresTepehua,Pisaflores Tepehua,,,,pisa1237,,
TlachichilcoTepehua,Tlachichilco Tepehua,,,,tlac1235,,
Tampuan,Tampuan,,,,tamp1251,,
AcatepecMephaa,Acatepec Me'phaa,,,,acat1239,,
Tinputz-Vasui,Tinputz,,,,tinp1237,,
CopalaTriqui,Copala Triqui,,,,copa1237,,
SanMartinItunyosoTriqui,San Martín Itunyoso Triqui,,,,sanm1298,,
Tausug,Tausug,,,,taus1251,,
Tswana,Tswana,,,,tswa1253,,
SalkaTsishingini,Salka-Tsishingini,,,,tsis1238,,
Tektiteko,Tektiteko,,,,tekt1235,,
Bwanabwana-Tubetube,Bwanabwana,,,,bwan1241,,
TawallammatTamajaq,Tawallammat Tamajaq,,,,tawa1286,,
Mutu-Oov,Mutu,,,,mutu1242,,
Mutu-Tuam,Mutu,,,,mutu1242,,
Tuyuca,Tuyuca,,,,tuyu1244,,
CentralTunebo,Central Tunebo,,,,cent2150,,
Tucano,Tucano,,,,tuca1252,,
Turkish,Turkish,,,,nucl1301,,
SoutheastAmbrym-Central,Southeast Ambrym,,,,sout2859,,
TutsaNaga,Tutsa Naga,,,,tuts1235,,
Twi-Akuapem,Twi,,,,twii1234,,
Twi-Asante,Twi,,,,twii1234,,
Tii,Tii,,,,tiii1241,,
Kayapo,Kayapó,,,,kaya1330,,
Tzutujil-Eastern,Tz'utujil,,,,tzut1248,,
Tzutujil-Western,Tz'utujil,,,,tzut1248,,
Tzotzil-Huixtan,Tzotzil,,,,tzot1259,,
Tzotzil-SanAndres,Tzotzil,,,,tzot1259,,
Tzotzil-Zinacantan,Tzotzil,,,,tzot1259,,
Tzotzil-Chamula,Tzotzil,,,,tzot1259,,
Tzotzil-Chenalho,Tzotzil,,,,tzot1259,,
Ubir,Ubir,,,,ubir1237,,
UmbuUngu-Andelale,Umbu-Ungu,,,,umbu1258,,
UmbuUngu-Kala,Umbu-Ungu,,,,umbu1258,,
UmbuUngu-NoPenge,Umbu-Ungu,,,,umbu1258,,
Udi,Udi,,,,udii1243,,
Uduk,Uduk,,,,uduk1239,,
Uighur,Uighur,,,,uigh1240,,
Ukrainian,Ukrainian,,,,ukra1253,,
Ulithian,Ulithian,,,,ulit1238,,
Meriam,Meriam,,,,meri1244,,
Munda,Munda,,,,mund1321,,
UripivWalaRanoAtchin-Uripiv,Uripiv-Wala-Rano-Atchin,,,,urip1239,,
Urarina,Urarina,,,,urar1246,,
UrubuKaapor,Urubú-Kaapor,,,,urub1250,,
Urdu,Urdu,,,,urdu1245,,
Urim-Kalpm,Urim,,,,urim1252,,
UraPapuaNewGuinea,Ura (Papua New Guinea),,,,urap1240,,
Urat-Yehre,Urat,,,,urat1244,,
Sop,Sop,,,,sopp1247,,
Orya,Orya,,,,orya1242,,
Usarufa,Usarufa,,,,usar1243,,
Uspanteco,Uspanteco,,,,uspa1245,,
Uri,Uri,,,,urii1240,,
Lote,Lote,,,,lote1237,,
Huarijio,Huarijio,,,,huar1255,,
Vidunda,Vidunda,,,,vidu1238,,
Vietnamese,Vietnamese,,,,viet1252,,
Iduna,Iduna,,,,idun1242,,
AyautlaMazatec,Ayautla Mazatec,,,,ayau1235,,
Waffa,Waffa,,,,waff1241,,
Wolaytta,Wolaytta,,,,wola1242,,
Wapishana,Wapishana,,,,wapi1253,,
Kaninuwa,Kaninuwa,,,,kani1281,,
Vwanji,Vwanji,,,,vwan1235,,
Warlpiri,Warlpiri,,,,warl1254,,
Wedau-Topura,Wedau,,,,weda1241,,
Wedau,Wedau,,,,weda1241,,
Weri,Weri,,,,weri1253,,
SouthernToussian,Southern Toussian,,,,sout2797,,
WikMungkan,Wik-Mungkan,,,,wikm1247,,
Wiru,Wiru,,,,wiru1244,,
Muduapa-Vitu,Muduapa,,,,mudu1242,,
Kunbarlang,Kunbarlang,,,,kunb1251,,
WalmajarriJuwaliny,Walmajarri-Juwaliny,,,,walm1241,,
Mwani,Mwani,,,,mwan1247,,
Wantoat,Wantoat,,,,want1252,,
Usan,Usan,,,,usan1239,,
WobeWeNorthern,Wobe-Wè Northern,,,,weno1238,,
Wolof-RegionalWolof,Wolof,,,,nucl1347,,
HangaHundi,Hanga Hundi,,,,hang1263,,
Garrwa,Garrwa,,,,gara1269,,
Worrorra,Worrorra,,,,worr1237,,
Waris,Waris,,,,wari1266,,
Waskia,Waskia,,,,wask1241,,
WuvuluAua,Wuvulu-Aua,,,,wuvu1239,,
Xavante,Xavánte,,,,xava1240,,
Kombio-Wampukuamp,Kombio,,,,komb1272,,
Kombio-Yanimoi,Kombio,,,,komb1272,,
Hdi,Hdi,,,,hdii1240,,
Kamula,Kamula,,,,kamu1260,,
TanzanianNgoni,Tanzanian Ngoni,,,,tanz1241,,
NorthernKankanay,Northern Kankanay,,,,nort2877,,
Konkomba,Konkomba,,,,konk1269,,
EasternKaraboro,Eastern Karaboro,,,,east2398,,
TinaSambal,Tinà Sambal,,,,tina1248,,
Sio,Sio,,,,sioo1240,,
Kasem,Kasem,,,,kase1253,,
SoluKhumbuSherpa,Solu-Khumbu Sherpa,,,,sher1255,,
KatchaKadugliMiri,Katcha-Kadugli-Miri,,,,katc1249,,
DiuxiTilantongoMixtec,Diuxi-Tilantongo Mixtec,,,,diux1235,,
MagdalenaPenascoMixtec,Magdalena Peñasco Mixtec,,,,magd1235,,
NorthernTlaxiacoMixtec,Northern Tlaxiaco Mixtec,,,,nort2985,,
Kuo,Kuo,,,,kuoo1238,,
Yaminahua,Yaminahua,,,,yami1256,,
Yagua,Yagua,,,,yagu1244,,
Yalunka,Yalunka,,,,yalu1240,,
Yamba,Yamba,,,,yamb1251,,
Yao,Yao,,,,yaoo1241,,
Yapese,Yapese,,,,yape1248,,
Yaqui,Yaqui,,,,yaqu1251,,
Yaweyuha,Yaweyuha,,,,yawe1241,,
Yucuna,Yucuna,,,,yucu1253,,
Yindjibarndi,Yindjibarndi,,,,yind1247,,
Yakan,Yakan,,,,yaka1277,,
Yele,Yele,,,,yele1255,,
Iamalele,Iamalele,,,,iama1237,,
Yombe,Yombe,,,,yomb1244,,
Yonggom,Yonggom,,,,yong1280,,
Yoruba,Yoruba,,,,yoru1245,,
Yareba,Yareba,,,,yare1248,,
Yaoure,Yaouré,,,,yaou1238,,
YessanMayo-Yamano,Yessan-Mayo,,,,yess1239,,
YessanMayo-Yawu,Yessan-Mayo,,,,yess1239,,
KarkarYuri,Karkar-Yuri,,,,kark1258,,
Yopno,Yopno,,,,yopn1238,,
YauNungon,Yau-Nungon,,,,yaum1237,,
Yawa,Yawa,,,,nucl1454,,
SierradeJuarezZapotec,Sierra de Juárez Zapotec,,,,sier1250,,
WesternTlacolulaValleyZapotec,Western Tlacolula Valley Zapotec,,,,sanj1284,,
OcotlanZapotec,Ocotlán Zapotec,,,,ocot1244,,
CajonosZapotec,Cajonos Zapotec,,,,cajo1238,,
YareniZapotec,Yareni Zapotec,,,,yare1249,,
IsthmusZapotec,Isthmus Zapotec,,,,isth1244,,
Zaramo,Zaramo,,,,zara1247,,
CuixtlaXitlaZapotec,Cuixtla-Xitla Zapotec,,,,miah1235,,
OzolotepecZapotec,Ozolotepec Zapotec,,,,ozol1235,,
Zapotec,Zapotec,,,,zapo1437,,
RinconZapotec,Rincón Zapotec,,,,rinc1236,,
SantoDomingoAlbarradasZapotec,Santo Domingo Albarradas Zapotec,,,,sant1450,,
TabaaZapotec,Tabaa Zapotec,,,,taba1268,,
YatzachiZapotec,Yatzachi Zapotec,,,,yatz1235,,
MitlaZapotec,Mitla Zapotec,,,,mitl1236,,
CoatecasAltasZapotec,Coatecas Altas Zapotec,,,,coat1244,,
Kinga,Kinga,,,,nucl1379,,
Zia,Zia,,,,ziaa1250,,
ZigulaMushungulu,Zigula-Mushungulu,,,,zigu1244,,
CentralMalay,Central Malay,,,,mala1479,,
NorthernChiapasZoque,Northern Chiapas Zoque,,,,fran1266,,
ChoapanZapotec,Choapan Zapotec,,,,choa1237,,
GueveaDeHumboldtZapotec,Guevea De Humboldt Zapotec,,,,guev1238,,
SantaMariaQuiegolaniZapotec,Santa María Quiegolani Zapotec,,,,sant1451,,
LachixioZapotec,Lachixío Zapotec,,,,lach1249,,
MixtepecZapotec,Mixtepec Zapotec,,,,mixt1426,,
AmatlanZapotec,Amatlán Zapotec,,,,amat1238,,
ZoogochoZapotec,Zoogocho Zapotec,,,,zoog1238,,
SanVicenteCoatlanZapotec,San Vicente Coatlán Zapotec,,,,sanv1242,,
YalalagZapotec,Yalálag Zapotec,,,,yala1267,,
ChichicapanZapotec,Chichicapan Zapotec,,,,chic1274,,
TexmelucanZapotec,Texmelucan Zapotec,,,,texm1235,,
SouthernRinconZapotec,Southern Rincon Zapotec,,,,sout3004,,
QuioquitaniQuieriZapotec,Quioquitani-Quieri Zapotec,,,,quio1241,,
YateeZapotec,Yatee Zapotec,,,,yate1242,,
Zyphe,Zyphe,,,,zyph1238,,
